source_file,window_index,aircraft_id,aircraft_name,start_time_s,end_time_s,duration_s,sample_count,altitude_start_m,altitude_end_m,altitude_delta_m,ground_speed_start_mps,ground_speed_end_mps,ground_speed_delta_mps,ground_speed_mean_mps,total_speed_mean_mps,vertical_speed_mean_mps,sink_rate_peak_mps,climb_rate_peak_mps,track_change_deg,track_rate_mean_abs_deg_s,track_rate_peak_abs_deg_s,roll_mean_abs_deg,roll_peak_abs_deg,pitch_mean_abs_deg,pitch_peak_abs_deg,acceleration_mean_mps2,acceleration_peak_abs_mps2,label,label_version
C:\Users\öseoijfowfn\Saved Games\DCS\Tracks\DCS-NotTacView\20260923T202309Z_575000.export.zip,1,1,FA-18C_hornet,0.0,4.997,4.997,44,3655.217,3634.89,-20.327000000000226,179.8364931198446,217.68948581733449,37.852992697489896,208.9692315135357,209.0317442241124,-3.961750132998348,15.503649635038377,0.0,1.301060379635885,0.45049004833328765,2.4617320173294805,31.650594863636364,174.884767,1.9896595227272726,4.876131,6.755878937618269,178.5398386061812,acceleration,heuristic_ms2_v1
C:\Users\öseoijfowfn\Saved Games\DCS\Tracks\DCS-NotTacView\20260923T202309Z_575000.export.zip,2,1,FA-18C_hornet,1.075,5.99,4.915,43,3651.58,3614.464,-37.115999999999985,204.91668433652654,222.54841323509365,17.631728898567104,212.48166445406923,212.72067629403978,-7.3173192074930204,22.660377358491004,0.0,-1.627306312821247,1.0135527676780693,3.4316992597312272,45.49965406976744,174.884767,2.617451953488372,4.876131,3.7533604945060053,6.249298275818667,acceleration,heuristic_ms2_v1
C:\Users\öseoijfowfn\Saved Games\DCS\Tracks\DCS-NotTacView\20260923T202309Z_575000.export.zip,3,1,FA-18C_hornet,2.016,6.989,4.973,44,3647.207,3590.29,-56.916999999999916,207.05917069683176,228.13924429491706,21.080073598085306,216.40734315666586,216.89626068834542,-11.232530675530175,25.267326732674604,0.0,-3.924972586079889,1.4620196118641813,3.4316992597312272,54.50959065909091,174.884767,2.9559408636363638,4.876131,4.499661220660041,6.7954688242014765,descent,heuristic_ms2_v1
C:\Users\öseoijfowfn\Saved Games\DCS\Tracks\DCS-NotTacView\20260923T202309Z_575000.export.zip,4,1,FA-18C_hornet,3.079,7.964,4.885,43,3644.339,3565.377,-78.96199999999999,210.41327655700698,234.004993472807,23.59171691580002,220.82493423002578,221.58241214544242,-15.63392438572011,25.66101694915457,0.0,-5.3787163913638665,1.7787998520430897,3.4316992597312272,61.67894069767442,174.884767,3.2784786511627906,4.876131,5.088416049377497,6.861895517286508,descent,heuristic_ms2_v1
C:\Users\öseoijfowfn\Saved Games\DCS\Tracks\DCS-NotTacView\20260923T202309Z_575000.export.zip,5,1,FA-18C_hornet,4.085,8.964,4.8790000000000004,43,3643.0,3539.594,-103.40599999999995,214.1274227145703,240.2971672159555,26.169744501385225,226.14641191749132,227.19504881247994,-20.751681304244254,25.900000000001622,0.0,-7.527443737545468,1.9100638205061171,3.4316992597312272,62.64462665116279,174.884767,3.6639259534883717,4.876131,5.650017779363637,6.861895517286508,descent,heuristic_ms2_v1
C:\Users\öseoijfowfn\Saved Games\DCS\Tracks\DCS-NotTacView\20260923T202309Z_575000.export.zip,6,1,FA-18C_hornet,5.164,9.898,4.734,41,3631.953,3517.916,-114.03699999999981,218.32785816775234,246.27163741634914,27.943779248596798,231.41808780301852,232.66128926151617,-23.939496276948255,25.900000000001622,0.0,-9.1011699375141,1.9598194354658014,3.4316992597312272,40.73333268292683,95.926346,3.605037853658537,4.624683,5.960002473693106,8.725330230239816,descent,heuristic_ms2_v1
C:\Users\öseoijfowfn\Saved Games\DCS\Tracks\DCS-NotTacView\20260923T202309Z_575000.export.zip,7,1,FA-18C_hornet,6.104,10.974,4.87,42,3611.847,3502.472,-109.375,223.14002811444087,252.63673048012464,29.496702365683774,237.4685366285725,238.58793600275754,-22.48525935839064,25.900000000001622,0.0,-8.145119610016366,1.719322441805538,2.708532988486908,30.602730238095237,56.03174,2.953097,4.26786,5.927628898988146,8.725330230239816,descent,heuristic_ms2_v1
C:\Users\öseoijfowfn\Saved Games\DCS\Tracks\DCS-NotTacView\20260923T202309Z_575000.export.zip,8,1,FA-18C_hornet,7.09,11.929,4.839,41,3587.727,3499.117,-88.60999999999967,228.7387595825046,257.64254847205467,28.90378888955007,243.57704358221702,244.44704766564433,-18.400840426939173,25.900000000001622,1.2616822429926813,-7.09151988665991,1.4907555214473593,2.6494657125789853,22.890776975609754,35.364247,2.6795333170731706,4.26786,5.778277335941608,8.725330230239816,descent,heuristic_ms2_v1
C:\Users\öseoijfowfn\Saved Games\DCS\Tracks\DCS-NotTacView\20260923T202309Z_575000.export.zip,9,1,FA-18C_hornet,8.065,12.979,4.914,42,3562.784,3507.466,-55.31800000000021,234.68297187400282,262.10617938449667,27.423207510493853,249.48300377675537,250.0954228031927,-11.39836553196708,25.900000000001622,13.403846153844123,-5.040852693692216,1.2966320404062484,2.6494657125789853,17.934782523809524,28.008359,2.850186642857143,5.730249,5.477008053836512,8.725330230239816,descent,heuristic_ms2_v1
C:\Users\öseoijfowfn\Saved Games\DCS\Tracks\DCS-NotTacView\20260923T202309Z_575000.export.zip,10,1,FA-18C_hornet,9.091,13.94,4.849,42,3536.352,3525.486,-10.865999999999985,241.03150840838202,265.7927655865956,24.761257178213555,255.19013504046077,255.64759239233717,-1.8627893338620054,25.527559055119823,21.168316831682567,-3.231508280180776,1.151406204974943,2.6494657125789853,14.020642999999998,25.757248,3.269811976190476,6.585577,5.0647259831231235,8.725330230239816,acceleration,heuristic_ms2_v1
C:\Users\öseoijfowfn\Saved Games\DCS\Tracks\DCS-NotTacView\20260923T202309Z_575000.export.zip,11,1,FA-18C_hornet,10.007,14.936,4.929,43,3515.83,3544.44,28.610000000000127,246.96940115445267,270.7940856628657,23.824684508413043,259.5247528772489,259.9201048377232,5.459928688685971,19.137614678901286,21.168316831682567,-1.4115098142618194,0.8690185261773083,2.4824239674479895,11.330911232558138,22.59869,3.6396433488372093,6.585577,4.862704647993479,7.685554771814057,acceleration,heuristic_ms2_v1
C:\Users\öseoijfowfn\Saved Games\DCS\Tracks\DCS-NotTacView\20260923T202309Z_575000.export.zip,12,1,FA-18C_hornet,11.079,15.947,4.8679999999999986,42,3501.613,3558.409,56.79600000000028,253.29013867634885,275.927385156918,22.637246480569132,264.28884819436564,264.66808709231134,11.289230496079588,8.18095238095595,21.168316831682567,0.5058547109437654,0.5411889728036045,1.7052854761544487,8.908059285714286,17.296839,4.200414285714286,6.585577,4.739689067895522,6.083200785435712,climb,heuristic_ms2_v1
C:\Users\öseoijfowfn\Saved Games\DCS\Tracks\DCS-NotTacView\20260923T202309Z_575000.export.zip,13,1,FA-18C_hornet,12.04,16.951,4.911000000000001,43,3499.4,3566.86,67.46000000000004,258.15676536793967,281.17237710629325,23.015611738353584,268.9804064427845,269.3700867343334,13.436242372701948,0.0,21.168316831682567,1.6222353991743717,0.3326459724237772,0.9787846901066306,8.192055860465116,8.889104,4.095375255813954,6.585577,4.741820076651737,6.044676209580593,climb,heuristic_ms2_v1
C:\Users\öseoijfowfn\Saved Games\DCS\Tracks\DCS-NotTacView\20260923T202309Z_575000.export.zip,14,1,FA-18C_hornet,13.081,17.877,4.795999999999999,42,3508.954,3569.813,60.858999999999924,262.48998276423936,285.82897667321515,23.338993908975795,273.68571810130715,274.05782054215393,12.66583943375816,0.0,21.168316831682567,1.0218105149497205,0.2332462871836441,0.7793971301308066,8.28180338095238,8.889104,3.4003439285714285,6.585577,4.807210397347667,6.044676209580593,climb,heuristic_ms2_v1
C:\Users\öseoijfowfn\Saved Games\DCS\Tracks\DCS-NotTacView\20260923T202309Z_575000.export.zip,15,1,FA-18C_hornet,14.062,18.911,4.849000000000002,41,3528.043,3567.502,39.45899999999983,266.3275614219157,290.9618167591759,24.634255337260242,278.72823121345454,278.9644884281088,8.428133413947227,4.803418803417896,20.95901639344464,0.6622804244512395,0.13935573207352553,0.20284345830563008,8.15428992682927,8.380678,2.208432024390244,4.896866,4.957447874583857,6.471432678621904,acceleration,heuristic_ms2_v1
C:\Users\öseoijfowfn\Saved Games\DCS\Tracks\DCS-NotTacView\20260923T202309Z_575000.export.zip,16,1,FA-18C_hornet,15.078,19.966,4.888000000000002,42,3546.733,3558.953,12.2199999999998,271.44378977573,296.0487717642571,24.604981988527072,283.88302335175297,284.00931083664443,2.8860702831465006,10.749999999998684,16.14788732394457,0.6190585696270432,0.12775857244935102,0.16214053644068063,8.09209838095238,8.376669,1.550452761904762,3.633349,5.006993727302394,6.471432678621904,acceleration,heuristic_ms2_v1
C:\Users\öseoijfowfn\Saved Games\DCS\Tracks\DCS-NotTacView\20260923T202309Z_575000.export.zip,17,1,FA-18C_hornet,16.066,20.923,4.856999999999999,42,3559.693,3545.74,-13.95300000000043,276.5906219812842,300.4833269874748,23.892705006190624,288.612646390995,288.7333044168833,-2.3700695715159257,16.230769230770335,10.789915966387461,0.6082771526955639,0.12724669367531605,0.16214053644068063,8.017816619047618,8.181827,1.324864,2.613759,5.02333851353545,6.471432678621904,acceleration,heuristic_ms2_v1
C:\Users\öseoijfowfn\Saved Games\DCS\Tracks\DCS-NotTacView\20260923T202309Z_575000.export.zip,18,1,FA-18C_hornet,17.057,21.924,4.867000000000001,42,3567.435,3526.328,-41.10699999999997,281.7019161134435,304.7688498356318,23.06693372218831,293.75778757364714,293.98444981401144,-8.324160651930367,21.895652173913593,5.424528301885174,0.5555389550180507,0.11839052983357488,0.15788320151122454,7.580455499999999,10.169683,1.503965,3.441835,4.930088689266935,6.471432678621904,descent,heuristic_ms2_v1
C:\Users\öseoijfowfn\Saved Games\DCS\Tracks\DCS-NotTacView\20260923T202309Z_575000.export.zip,19,1,FA-18C_hornet,18.016,22.973,4.957000000000001,43,3569.849,3498.727,-71.1220000000003,286.4676376118053,308.0851367295258,21.617499117720513,298.3266402293903,298.78085735891455,-14.210434489185717,31.889908256882293,0.2589928057558157,-0.3578512067222164,0.24836689224095074,1.3104861216352388,21.982309837209304,145.877363,2.346719627906977,6.886028,4.730435930543229,6.471432678621904,descent,heuristic_ms2_v1
C:\Users\öseoijfowfn\Saved Games\DCS\Tracks\DCS-NotTacView\20260923T202309Z_575000.export.zip,20,1,FA-18C_hornet,19.019,23.958,4.939,43,3566.916,3459.591,-107.32500000000027,291.51261329790674,310.5499431966857,19.037329898778978,302.1689023632616,303.0969848093073,-21.18617644412885,44.21600000000035,0.0,0.3772800909471812,0.3956556392928712,1.5452857425719475,43.6409168372093,175.739552,3.53982611627907,6.977965,4.53874640550963,6.051108725780594,descent,heuristic_ms2_v1
C:\Users\öseoijfowfn\Saved Games\DCS\Tracks\DCS-NotTacView\20260923T202309Z_575000.export.zip,21,1,FA-18C_hornet,20.068,24.952,4.884,43,3557.793,3412.454,-145.33899999999994,296.5621659807612,314.11600669551433,17.553840714753107,306.10560679104174,307.7570174951507,-29.416880602701415,50.26086956521431,0.0,0.712690353295443,0.46998428490724115,1.5452857425719475,50.15225786046511,175.739552,4.928010511627907,8.364786,4.426584908685931,5.652040022107996,descent,heuristic_ms2_v1
C:\Users\öseoijfowfn\Saved Games\DCS\Tracks\DCS-NotTacView\20260923T202309Z_575000.export.zip,22,1,FA-18C_hornet,21.04,25.943,4.903000000000002,43,3543.766,3362.663,-181.10300000000007,300.97824611685456,318.6742037290553,17.695957612200743,309.4184452510309,311.75237220127707,-36.20842588209471,52.90350877193301,0.0,2.2439816356857136,0.7598429035044969,4.660563568775263,53.999021883720935,175.739552,5.705886255813954,8.475307,4.179055888714095,5.840447447078691,descent,heuristic_ms2_v1
C:\Users\öseoijfowfn\Saved Games\DCS\Tracks\DCS-NotTacView\20260923T202309Z_575000.export.zip,23,1,FA-18C_hornet,22.025,26.88,4.855,42,3524.058,3340.568,-183.48999999999978,305.1926684982822,321.60632505667684,16.41365655839462,312.96432908379654,315.40724994945003,-37.27957809732165,52.90350877193301,0.0,5.790521234787263,1.489136431646212,4.660563568775263,58.51213561904762,175.739552,5.571371238095238,8.475307,3.305849458557896,5.840447447078691,descent,heuristic_ms2_v1
C:\Users\öseoijfowfn\Saved Games\DCS\Tracks\DCS-NotTacView\20260923T202309Z_575000.export.zip,24,1,FA-18C_hornet,23.08,27.972,4.892000000000003,42,3495.129,3357.15,-137.97899999999981,308.3265204360714,319.3987274599857,11.072207023914302,316.00393610443575,318.3362957060385,-28.304787510289852,52.90350877193301,34.43103448275995,9.209674269857942,1.8432335288325463,4.660563568775263,45.01396021428572,175.739552,6.241731023809525,11.711968,2.352721335416909,5.840447447078691,descent,heuristic_ms2_v1
C:\Users\öseoijfowfn\Saved Games\DCS\Tracks\DCS-NotTacView\20260923T202309Z_575000.export.zip,25,1,FA-18C_hornet,24.059,28.929,4.869999999999997,42,3455.062,3404.732,-50.32999999999993,310.96607507574225,316.60382533337014,5.637750257627886,317.5007269314327,320.0915677962051,-11.273123960707093,52.90350877193301,54.964285714286085,8.692936925003153,1.7618507798236032,4.660563568775263,22.241043857142856,58.456386,7.2015478095238095,12.637969,1.6010705826244156,5.840447447078691,descent,heuristic_ms2_v1
C:\Users\öseoijfowfn\Saved Games\DCS\Tracks\DCS-NotTacView\20260923T202309Z_575000.export.zip,26,1,FA-18C_hornet,25.058,29.957,4.899000000000001,42,3407.044,3459.219,52.17500000000018,314.48113020183195,318.5199406725801,4.03881047074816,318.5577258995034,321.32421445913724,10.21899754897007,52.90350877193301,54.964285714286085,8.347833536077928,1.678859167016459,4.660563568775263,14.845723428571429,30.775647,7.584068285714285,12.637969,0.8357709347060375,5.840447447078691,climb,heuristic_ms2_v1
C:\Users\öseoijfowfn\Saved Games\DCS\Tracks\DCS-NotTacView\20260923T202309Z_575000.export.zip,27,1,FA-18C_hornet,26.057,30.929,4.872,42,3358.195,3493.227,135.0319999999997,319.2544900116094,322.2888243725141,3.0343343609047224,319.38770794291594,321.77496637539684,26.465600105105107,39.192982456139966,54.964285714286085,6.082278476128863,1.4027710187877267,4.360802179773798,10.239664761904763,25.238048,7.133997714285714,12.637969,0.3103853759344296,1.2575728022858963,climb,heuristic_ms2_v1
C:\Users\öseoijfowfn\Saved Games\DCS\Tracks\DCS-NotTacView\20260923T202309Z_575000.export.zip,28,1,FA-18C_hornet,27.006,31.974,4.968,43,3340.135,3499.461,159.32599999999957,321.67002309707635,324.70064507537944,3.0306219783030883,320.06670050790376,322.2513966578211,31.28779782028101,7.820754716982692,54.964285714286085,2.3066403893681695,0.7027423736615762,3.3418320657072145,6.3404436046511625,21.245944,6.967738465116279,12.637969,0.6236452311428624,2.071814102793717,climb,heuristic_ms2_v1
C:\Users\öseoijfowfn\Saved Games\DCS\Tracks\DCS-NotTacView\20260923T202309Z_575000.export.zip,29,1,FA-18C_hornet,28.08,32.904,4.824000000000005,42,3361.351,3479.07,117.71900000000005,318.77882418503964,325.63193145542897,6.85310727038933,320.87562781713723,323.1314010536723,24.540948560384674,32.10476190475726,54.964285714286085,-0.20326306840820507,0.23832519771561053,0.9713395620776082,4.207165214285714,5.787723,6.394475,12.637969,1.2270137994210717,3.6397308030655826,climb,heuristic_ms2_v1
C:\Users\öseoijfowfn\Saved Games\DCS\Tracks\DCS-NotTacView\20260923T202309Z_575000.export.zip,30,1,FA-18C_hornet,29.042,33.919,4.876999999999995,43,3410.92,3432.908,21.98799999999983,316.74212299736763,325.50963312774735,8.76751013037972,322.5785666632658,324.7280325668718,5.23191265605417,57.19266055046082,54.76106194690205,-0.7390636399666732,0.17445729494486123,0.29028396612892504,3.9577172558139533,4.763448,6.033782395348838,11.737997,1.8577355816313086,3.6397308030655826,steady,heuristic_ms2_v1
C:\Users\öseoijfowfn\Saved Games\DCS\Tracks\DCS-NotTacView\20260923T202309Z_575000.export.zip,31,1,FA-18C_hornet,30.076,34.897,4.820999999999998,43,3464.761,3361.672,-103.08899999999994,318.970567444825,323.0353677656216,4.064800320796564,324.00798144325785,326.9515873245293,-21.100133154306775,85.57547169811106,46.57142857142796,-0.9670595443342904,0.19979237803770136,0.29028396612892504,3.781197,4.407752,7.099562767441861,16.617256,2.458156067087356,4.3945854389478125,descent,heuristic_ms2_v1
C:\Users\öseoijfowfn\Saved Games\DCS\Tracks\DCS-NotTacView\20260923T202309Z_575000.export.zip,32,1,FA-18C_hornet,31.04,35.897,4.856999999999999,44,3495.403,3259.818,-235.58499999999958,322.63992777717175,318.52442491791334,-4.115502859258413,323.93596043519943,329.69056626614434,-47.78908698472748,114.85964912280627,19.603603603602867,-0.961106520887256,0.20001626547191284,0.2621962197355118,3.6800093863636363,4.240514,10.192920772727273,21.477912,3.1508408326449877,4.791812415824113,descent,heuristic_ms2_v1
C:\Users\öseoijfowfn\Saved Games\DCS\Tracks\DCS-NotTacView\20260923T202309Z_575000.export.zip,33,1,FA-18C_hornet,32.083,36.943,4.859999999999999,44,3498.259,3122.117,-376.1419999999998,324.8366618951654,310.85811130782054,-13.978550587344841,322.08288430076345,333.2261252040685,-75.85249582199359,144.69421487603734,0.0,-0.9831737172981434,0.2030517450015905,0.27300629540454174,3.7282910454545455,3.998412,14.796671340909091,26.436082,3.6603820602241,5.324318479674753,descent,heuristic_ms2_v1
C:\Users\öseoijfowfn\Saved Games\DCS\Tracks\DCS-NotTacView\20260923T202309Z_575000.export.zip,34,1,FA-18C_hornet,33.015,37.977,4.961999999999996,45,3475.226,2957.27,-517.9560000000001,325.7045581873153,295.97163867425417,-29.73291951306112,317.66202939900745,336.3538148753398,-102.2674509454933,170.77227722772477,0.0,-1.1010781484108065,0.22058881418358847,0.304470878483281,3.8255076444444445,4.151852,19.321687266666665,31.18564,2.8783317451587904,5.324318479674753,descent,heuristic_ms2_v1
C:\Users\öseoijfowfn\Saved Games\DCS\Tracks\DCS-NotTacView\20260923T202309Z_575000.export.zip,35,1,FA-18C_hornet,34.025,38.965,4.940000000000005,44,3426.523,2776.396,-650.127,325.3422018826008,279.17921789716587,-46.16298398543495,310.38854973261203,338.58438058873685,-128.60225507617272,192.71818181816687,0.0,-1.211962090958707,0.24484615726108763,0.3489083013385439,3.9448070454545454,4.312368,23.958604886363638,35.618982,1.821913539899223,5.324318479674753,descent,heuristic_ms2_v1
C:\Users\öseoijfowfn\Saved Games\DCS\Tracks\DCS-NotTacView\20260923T202309Z_575000.export.zip,36,1,FA-18C_hornet,35.014,39.976,4.961999999999996,43,3351.275,2570.178,-781.0970000000002,322.622342703195,262.47226840996603,-60.150074293228954,299.758717024442,339.7532331754196,-154.42350110665774,211.64102564103194,0.0,-1.2736088172620157,0.2577182335371156,0.4573517070524524,4.080224813953489,4.418442,28.515050302325584,38.621824,0.6849625992129329,5.324318479674753,descent,heuristic_ms2_v1
C:\Users\öseoijfowfn\Saved Games\DCS\Tracks\DCS-NotTacView\20260923T202309Z_575000.export.zip,37,1,FA-18C_hornet,36.013,40.938,4.925000000000004,42,3246.104,2363.361,-882.7429999999999,317.8856847004976,255.41219193429743,-62.473492766200195,287.2027764221709,339.619926546881,-177.2755922855245,215.98333333333895,0.0,-1.047866564796152,0.22827336180186358,0.4573517070524524,4.186569595238096,4.418442,32.35221645238095,38.621824,-0.8402561319315447,5.324318479674753,descent,heuristic_ms2_v1
C:\Users\öseoijfowfn\Saved Games\DCS\Tracks\DCS-NotTacView\20260923T202309Z_575000.export.zip,38,1,FA-18C_hornet,37.053,41.962,4.909000000000006,42,3105.86,2147.174,-958.6860000000001,309.49443592517594,258.8236013250716,-50.67083460010434,274.73049529332985,337.6959396749628,-194.3240904152888,215.98333333333895,0.0,-0.5042161687264297,0.2368701314294042,0.4573517070524524,4.2207336190476195,4.418442,34.91243323809524,38.621824,-2.4947866321413263,4.3062152981651565,descent,heuristic_ms2_v1
C:\Users\öseoijfowfn\Saved Games\DCS\Tracks\DCS-NotTacView\20260923T202309Z_575000.export.zip,39,1,FA-18C_hornet,38.115,42.948,4.832999999999998,42,2933.321,1957.049,-976.2719999999999,294.0137118771693,269.95813762824514,-24.055574248924188,266.6572196286947,334.5449582697106,-201.353979482819,215.98333333333895,0.0,0.2684375969190569,0.28865907717242417,0.5453861851131638,4.146405023809524,4.418442,35.36704185714286,38.621824,-3.3380468453845227,5.645847528501724,descent,heuristic_ms2_v1
C:\Users\öseoijfowfn\Saved Games\DCS\Tracks\DCS-NotTacView\20260923T202309Z_575000.export.zip,40,1,FA-18C_hornet,39.181,43.97,4.7890000000000015,43,2734.016,1786.326,-947.69,276.28703786373774,279.7661501435193,3.4791122797815888,264.7841791996281,330.9336157952177,-197.59855208863573,215.98333333333895,0.0,1.03876938048586,0.3278675061557893,0.5453861851131638,3.9850596046511626,4.418442,33.83422369767442,38.621824,-3.9556827212095764,6.261304022990576,descent,heuristic_ms2_v1
C:\Users\öseoijfowfn\Saved Games\DCS\Tracks\DCS-NotTacView\20260923T202309Z_575000.export.zip,41,1,FA-18C_hornet,40.153,44.91,4.756999999999998,43,2532.436,1653.96,-878.4760000000001,260.63199211396704,286.53931589192524,25.907323777958197,267.5531465273964,326.98837637026793,-185.67595986324065,215.98333333333895,0.0,1.6854638056062186,0.3574260777030947,0.5526309939914719,3.7688594651162792,4.383183,30.865940023255817,38.567534,-4.658224037297986,7.41560546197834,descent,heuristic_ms2_v1
C:\Users\öseoijfowfn\Saved Games\DCS\Tracks\DCS-NotTacView\20260923T202309Z_575000.export.zip,42,1,FA-18C_hornet,41.053,45.909,4.856000000000002,44,2338.627,1538.828,-799.799,255.35924521053695,290.3008979752358,34.94165276469883,273.79919890025275,322.2495920344548,-165.9608591679719,215.0782608695741,0.0,2.0002813039348553,0.40938886869120045,0.5526309939914719,3.5236936818181817,4.221883,26.845930681818178,37.57913,-5.1238214358149925,7.41560546197834,descent,heuristic_ms2_v1
C:\Users\öseoijfowfn\Saved Games\DCS\Tracks\DCS-NotTacView\20260923T202309Z_575000.export.zip,43,1,FA-18C_hornet,42.079,46.9,4.820999999999998,44,2123.395,1440.147,-683.248,260.010793372018,288.4468291184232,28.436035746405196,280.55472393488947,316.9144319224184,-143.12626320545263,203.23931623932086,0.0,1.854044782055496,0.3883174710512062,0.5526309939914719,3.2952991590909093,3.88921,22.86491093181818,33.481553,-5.35796712534754,7.41560546197834,descent,heuristic_ms2_v1
C:\Users\öseoijfowfn\Saved Games\DCS\Tracks\DCS-NotTacView\20260923T202309Z_575000.export.zip,44,1,FA-18C_hornet,43.055,47.885,4.829999999999998,43,1937.888,1347.258,-590.6299999999999,271.13710615056664,285.5634786410832,14.426372490516542,284.9506496767063,311.850143462156,-123.68179444272063,179.07476635514186,0.0,1.4812645631145074,0.3150681747632391,0.5526309939914719,3.129929534883721,3.578046,19.87924588372093,28.720662,-5.184919862767575,7.41560546197834,descent,heuristic_ms2_v1
C:\Users\öseoijfowfn\Saved Games\DCS\Tracks\DCS-NotTacView\20260923T202309Z_575000.export.zip,45,1,FA-18C_hornet,44.07,48.94,4.869999999999997,43,1771.112,1251.927,-519.1850000000002,280.6678136760808,282.53751942060023,1.8697057445194218,286.6749457588223,306.7026895568333,-107.58935968711154,152.13999999999726,0.0,1.1366216130148814,0.2422092238744655,0.5526309939914719,2.999779209302326,3.323331,17.62728704651163,23.900434,-4.8301378307473275,7.41560546197834,descent,heuristic_ms2_v1
C:\Users\öseoijfowfn\Saved Games\DCS\Tracks\DCS-NotTacView\20260923T202309Z_575000.export.zip,46,1,FA-18C_hornet,45.013,49.907,4.893999999999998,42,1640.907,1167.952,-472.9549999999999,287.1341601934878,280.0536842956914,-7.0804758977963616,286.2955688577065,302.69791028638133,-97.84682886756093,126.72815533980501,0.0,0.8509825316406818,0.18426276247498538,0.4169552328263419,2.9177684285714287,3.132524,16.442879357142857,19.435713,-4.408142437904104,6.314391978713911,descent,heuristic_ms2_v1
C:\Users\öseoijfowfn\Saved Games\DCS\Tracks\DCS-NotTacView\20260923T202309Z_575000.export.zip,47,1,FA-18C_hornet,46.028,50.95,4.922000000000004,42,1526.505,1080.86,-445.6450000000002,290.366693937092,277.384633767586,-12.982060169505985,284.03300653242934,298.28574480024116,-90.99814654431462,103.55462184873856,0.0,0.6327320031242607,0.13405280606629336,0.2736239006014694,2.841198238095238,2.998797,15.802699904761905,16.820372,-3.954980796835943,5.425311034046306,descent,heuristic_ms2_v1
C:\Users\öseoijfowfn\Saved Games\DCS\Tracks\DCS-NotTacView\20260923T202309Z_575000.export.zip,48,1,FA-18C_hornet,47.045,51.954,4.908999999999999,42,1426.207,1000.383,-425.82400000000007,288.08767612480665,275.06811808740275,-13.019558037403897,281.13838990752316,294.26853884118754,-86.84023789079795,96.1379310344795,0.0,0.5864049729056546,0.12052649939408824,0.15914299926031775,2.771091833333333,2.936012,15.292847547619049,16.494574,-3.616377070560356,5.145233348471327,descent,heuristic_ms2_v1
C:\Users\öseoijfowfn\Saved Games\DCS\Tracks\DCS-NotTacView\20260923T202309Z_575000.export.zip,49,1,FA-18C_hornet,48.027,52.967,4.939999999999998,43,1334.19,922.504,-411.68600000000004,285.17644548840593,272.8735051507489,-12.302940337657049,278.55580997753566,290.7889569302594,-83.37629408821901,92.02816901408244,0.0,0.5775707849049354,0.11790944048142779,0.15670824787713478,2.7094277209302327,2.867696,14.803621255813953,16.011271,-3.3804033932718647,4.653619375871574,descent,heuristic_ms2_v1
C:\Users\öseoijfowfn\Saved Games\DCS\Tracks\DCS-NotTacView\20260923T202309Z_575000.export.zip,50,1,FA-18C_hornet,49.066,53.931,4.864999999999995,42,1240.806,851.473,-389.3330000000001,282.2135878954765,270.86786351346615,-11.34572438201036,276.1273751977807,287.5152996136807,-80.0402075373893,88.26190476190037,0.0,0.5623308124061168,0.11660539162778241,0.15670824787713478,2.651945214285714,2.800491,14.302032857142857,15.519585,-3.1841190315432613,4.55534176092479,descent,heuristic_ms2_v1
C:\Users\öseoijfowfn\Saved Games\DCS\Tracks\DCS-NotTacView\20260923T202309Z_575000.export.zip,51,1,FA-18C_hornet,50.013,54.934,4.920999999999999,44,1158.937,791.205,-367.73199999999986,279.6904325262497,271.8053221079223,-7.885110418327429,274.3318076134843,284.4900758579659,-74.83913628037229,85.04716981132037,0.0,0.9772223224981644,0.20342293808704748,1.4845022125736027,3.0085009545454544,11.530409,12.678504818181818,15.071036,-3.563371484804176,8.086746155662889,descent,heuristic_ms2_v1
C:\Users\öseoijfowfn\Saved Games\DCS\Tracks\DCS-NotTacView\20260923T202309Z_575000.export.zip,52,1,FA-18C_hornet,51.09,55.936,4.8459999999999965,43,1069.441,772.762,-296.6790000000001,277.0885960685238,267.072477080142,-10.016118988381834,272.59911823294163,280.58293843034437,-62.39628054697732,81.56428571428445,0.0,5.616497147533096,1.100602023357965,6.378113189781417,7.440426651162792,30.141174,10.360859302325581,14.551132,-4.438339664711407,10.731587455540852,descent,heuristic_ms2_v1
C:\Users\öseoijfowfn\Saved Games\DCS\Tracks\DCS-NotTacView\20260923T202309Z_575000.export.zip,53,1,FA-18C_hornet,52.056,56.962,4.906000000000006,43,992.391,795.283,-197.10799999999995,274.83294925279307,254.99032374448302,-19.84262550831005,269.39722467979294,275.25041011840625,-40.95975310605165,78.35294117647382,39.10476190476037,12.424428903699038,2.4944247662180348,7.656319225955977,13.880591511627909,35.38873,9.64261676744186,14.444974,-5.639328593187847,10.731587455540852,descent,heuristic_ms2_v1
C:\Users\öseoijfowfn\Saved Games\DCS\Tracks\DCS-NotTacView\20260923T202309Z_575000.export.zip,54,1,FA-18C_hornet,53.082,57.963,4.881,43,913.873,852.349,-61.524,272.6308970346562,238.4049294890251,-34.22596754563108,263.57044054914076,268.61752971856754,-12.90216510869648,75.05217391304194,70.14851485148614,20.750758251705065,4.239667073978993,9.73969349537916,22.207707162790697,46.019988,10.610194534883721,21.409346,-6.998571193275444,10.731587455540852,descending_turn,heuristic_ms2_v1
C:\Users\öseoijfowfn\Saved Games\DCS\Tracks\DCS-NotTacView\20260923T202309Z_575000.export.zip,55,1,FA-18C_hornet,54.041,58.88,4.839000000000006,43,843.581,926.856,83.27499999999998,270.7041409641123,223.21676790651648,-47.48737305759582,255.69231536396046,261.53835127353415,15.949629702999692,71.74545454545436,87.30392156862388,30.323333416914807,6.19498982953032,12.16375587365562,32.648026046511625,70.067106,12.570310790697675,24.636405,-8.253681810535966,10.731587455540852,climbing_turn,heuristic_ms2_v1
C:\Users\öseoijfowfn\Saved Games\DCS\Tracks\DCS-NotTacView\20260923T202309Z_575000.export.zip,56,1,FA-18C_hornet,55.064,59.931,4.866999999999997,43,786.404,1019.685,233.28099999999995,271.6695695636004,212.71871009063221,-58.950859472968204,244.34093421766798,252.4006075722644,46.97995677857428,36.930769230768846,88.75652173912884,42.7804351229575,8.739750429129694,14.523403260885146,48.230345953488374,83.073754,15.876352906976745,24.636405,-9.086788863434855,10.731587455540852,climbing_turn,heuristic_ms2_v1
C:\Users\öseoijfowfn\Saved Games\DCS\Tracks\DCS-NotTacView\20260923T202309Z_575000.export.zip,57,1,FA-18C_hornet,56.048,60.894,4.8459999999999965,44,773.244,1100.998,327.754,266.0221301999677,205.72508112617257,-60.29704907379514,232.40156632138044,243.4905804011663,66.39070765730868,0.0,88.75652173912884,50.91555850134978,10.487640216993936,14.730731880294078,60.135090477272726,89.42809,19.497370204545454,24.636405,-9.282517812408464,10.599794252470499,climbing_turn,heuristic_ms2_v1
C:\Users\öseoijfowfn\Saved Games\DCS\Tracks\DCS-NotTacView\20260923T202309Z_575000.export.zip,58,1,FA-18C_hornet,57.068,62.0,4.932000000000002,45,799.824,1183.775,383.95100000000014,253.40839367266895,200.15651682153387,-53.25187685113508,220.0897979589145,233.67180425081855,77.09694456390194,0.0,88.75652173912884,59.44861183372569,12.014547494772419,15.018508339682441,72.67163373333332,94.712594,21.19204211111111,24.636405,-9.208069729327871,10.599794252470499,climbing_turn,heuristic_ms2_v1
C:\Users\öseoijfowfn\Saved Games\DCS\Tracks\DCS-NotTacView\20260923T202309Z_575000.export.zip,59,1,FA-18C_hornet,58.074,62.984,4.910000000000004,44,860.445,1244.563,384.11800000000005,236.49688303665826,195.66334040882086,-40.8335426278374,210.75257209795288,224.99370463407257,78.43118986226129,0.0,88.75652173912884,64.44033838863646,13.107749062547562,16.51855314212342,82.13194729545454,95.477514,20.903156954545455,24.636405,-8.94651979971469,10.599794252470499,climbing_turn,heuristic_ms2_v1
C:\Users\öseoijfowfn\Saved Games\DCS\Tracks\DCS-NotTacView\20260923T202309Z_575000.export.zip,60,1,FA-18C_hornet,59.001,63.981,4.980000000000004,45,937.509,1307.629,370.1199999999999,221.79098071300572,180.12785367521994,-41.663127037785785,202.98246225449842,216.50135408490485,74.89478380368597,0.0,88.75652173912884,64.8725150252161,13.01672886764149,16.51855314212342,78.62069357777779,95.477514,21.392510422222223,34.456221,-8.895365669577846,12.01084833461079,climbing_turn,heuristic_ms2_v1
C:\Users\öseoijfowfn\Saved Games\DCS\Tracks\DCS-NotTacView\20260923T202309Z_575000.export.zip,61,1,FA-18C_hornet,60.046,64.896,4.850000000000001,44,1029.699,1388.161,358.462,211.66495035707757,154.73292816269193,-56.93202219438564,193.54990452424656,207.79145710192276,74.4154676977576,0.0,98.14563106796794,55.35506599558886,11.542126207387826,16.51855314212342,67.06348263636363,95.477514,24.611134954545456,45.728243,-9.497832567483616,16.524060667483337,climbing_turn,heuristic_ms2_v1
C:\Users\öseoijfowfn\Saved Games\DCS\Tracks\DCS-NotTacView\20260923T202309Z_575000.export.zip,62,1,FA-18C_hornet,61.013,65.932,4.919000000000004,43,1110.54,1501.203,390.663,205.0597979714949,122.34079642102206,-82.71900155047284,179.85206027241463,198.17076988324916,78.81688602759806,0.0,116.7913043478172,46.01128986846231,9.61358637643639,16.51855314212342,52.46354960465116,95.477514,30.577863139534884,59.330541,-10.347448819197469,16.524060667483337,climbing_turn,heuristic_ms2_v1
C:\Users\öseoijfowfn\Saved Games\DCS\Tracks\DCS-NotTacView\20260923T202309Z_575000.export.zip,63,1,FA-18C_hornet,62.0,66.958,4.957999999999998,43,1183.775,1627.544,443.769,200.15651682153387,90.94098456168959,-109.21553225984428,159.30961922508226,186.72894156164298,88.75702146572512,0.0,127.01769911504533,36.61959726430325,7.623127025941682,16.51855314212342,35.46339169767442,95.477514,40.04087283720931,68.15535,-11.208347312254904,16.524060667483337,climbing_turn,heuristic_ms2_v1
C:\Users\öseoijfowfn\Saved Games\DCS\Tracks\DCS-NotTacView\20260923T202309Z_575000.export.zip,64,1,FA-18C_hornet,63.098,67.988,4.890000000000001,43,1251.054,1759.54,508.4859999999999,194.75568297228563,77.17237083790488,-117.58331213438075,134.71563965967815,174.91634910739242,102.43873484344122,0.0,128.84745762710818,24.07022059191661,5.244766919376609,14.391751829965754,18.17398248837209,71.533643,49.74159979069767,68.276627,-11.100241319809106,16.524060667483337,climbing_turn,heuristic_ms2_v1
C:\Users\öseoijfowfn\Saved Games\DCS\Tracks\DCS-NotTacView\20260923T202309Z_575000.export.zip,65,1,FA-18C_hornet,64.082,68.908,4.826000000000008,42,1315.377,1869.903,554.5260000000001,177.53486768923236,86.35816882283576,-91.17669886639659,113.08725097530487,164.14467566769903,114.19537055108185,0.0,128.84745762710818,12.952325819479938,3.4850224282037567,5.680252887300457,10.249683119047619,19.881542,54.25512388095238,68.276627,-10.513221594749623,16.524060667483337,climb,heuristic_ms2_v1
C:\Users\öseoijfowfn\Saved Games\DCS\Tracks\DCS-NotTacView\20260923T202309Z_575000.export.zip,66,1,FA-18C_hornet,65.006,69.939,4.932999999999993,43,1399.209,1977.245,578.0359999999998,151.63675602094008,98.41688109182853,-53.219874929111555,98.96698535761426,154.53224186258345,117.06200083552095,0.0,128.84745762710818,7.239430453239208,2.929456317625325,4.788926844462306,8.400918093023256,12.322199,53.519107581395346,68.276627,-8.89742943460895,15.388471737201742,climb,heuristic_ms2_v1
C:\Users\öseoijfowfn\Saved Games\DCS\Tracks\DCS-NotTacView\20260923T202309Z_575000.export.zip,67,1,FA-18C_hornet,66.04,70.858,4.817999999999998,43,1513.981,2059.93,545.9489999999998,118.66634630004422,106.63915976675375,-12.027186533290475,92.70267961729282,147.39742292457956,113.5074484411241,0.0,128.84745762710818,2.248563295508859,2.4248269097118613,4.788926844462306,7.5805277906976745,11.330247,50.09866002325582,68.276627,-6.698872972425315,14.502650422673234,climb,heuristic_ms2_v1
C:\Users\öseoijfowfn\Saved Games\DCS\Tracks\DCS-NotTacView\20260923T202309Z_575000.export.zip,68,1,FA-18C_hornet,67.069,71.932,4.8629999999999995,43,1641.712,2147.152,505.44000000000005,88.0397875212919,110.74130568422011,22.70151816292821,93.73707987399838,142.07720008881952,104.72652846077645,0.0,128.84745762710818,-2.4419140880937107,1.5586853986846607,4.6017655620000255,6.787073511627907,10.849132,44.47783525581395,68.276627,-4.062964539602947,10.444607564649418,climb,heuristic_ms2_v1
C:\Users\öseoijfowfn\Saved Games\DCS\Tracks\DCS-NotTacView\20260923T202309Z_575000.export.zip,69,1,FA-18C_hornet,68.101,72.934,4.832999999999998,43,1773.741,2227.211,453.4699999999998,77.7256940759005,109.63679048608556,31.911096410185053,99.96050927759005,138.90096371723868,94.63070076965174,0.0,125.67256637168211,-3.9117900253484663,1.1209415942622107,2.618145013318945,6.6171616511627915,7.850138,40.18701088372093,52.191323,-2.5093459190193,7.27966893679942,climb,heuristic_ms2_v1
C:\Users\öseoijfowfn\Saved Games\DCS\Tracks\DCS-NotTacView\20260923T202309Z_575000.export.zip,70,1,FA-18C_hornet,69.01,73.908,4.897999999999996,44,1881.297,2307.346,426.049,87.95935206031909,106.87546919477025,18.916117134451156,104.9715587338727,137.1035676535024,87.44399116985416,0.0,111.705882352937,-1.1433466811928383,0.9471526316479776,2.618145013318945,7.154084227272727,8.25539,40.04640820454545,46.151069,-1.4541051892954995,7.27966893679942,climb,heuristic_ms2_v1
C:\Users\öseoijfowfn\Saved Games\DCS\Tracks\DCS-NotTacView\20260923T202309Z_575000.export.zip,71,1,FA-18C_hornet,70.042,74.906,4.864000000000004,43,1987.073,2392.573,405.4999999999998,99.48388843964254,103.44145511870275,3.957566679060207,107.4012660273418,136.18212279555237,83.5805285800547,0.0,95.4174757281493,1.60283999558726,0.7966338420259428,1.3948305398902452,7.642748883720929,8.690077,41.6329251627907,48.038759,-0.6354804534866332,3.0284066369428673,climb,heuristic_ms2_v1
C:\Users\öseoijfowfn\Saved Games\DCS\Tracks\DCS-NotTacView\20260923T202309Z_575000.export.zip,72,1,FA-18C_hornet,71.012,75.975,4.962999999999994,44,2072.85,2487.314,414.46399999999994,107.536645402639,99.39372622474686,-8.14291917789214,106.91253239091428,135.69056863521902,83.41795868489903,0.0,90.05217391304546,3.7808210922567014,0.8130877417801756,1.392685197103821,8.088049727272727,9.268193,44.362531,50.166257,-0.45348335997555017,1.0664901614407645,climb,heuristic_ms2_v1
C:\Users\öseoijfowfn\Saved Games\DCS\Tracks\DCS-NotTacView\20260923T202309Z_575000.export.zip,73,1,FA-18C_hornet,72.033,76.936,4.903000000000006,43,2155.177,2575.304,420.12699999999995,110.79340458116889,95.38477870475518,-15.408625876413709,104.55454523603886,135.1563228462548,85.41283046414443,0.0,92.70796460175963,5.029945864763306,1.0152971618114692,1.6554715165126548,8.546535348837208,9.901153,46.99663853488372,52.220942,-0.6593754671417973,1.571916401351849,climb,heuristic_ms2_v1
C:\Users\öseoijfowfn\Saved Games\DCS\Tracks\DCS-NotTacView\20260923T202309Z_575000.export.zip,74,1,FA-18C_hornet,73.055,77.928,4.8729999999999905,42,2237.013,2668.639,431.6260000000002,109.36512251690989,90.99450024568188,-18.370622271228015,101.1024437120535,134.3690002569122,88.24063702568755,0.0,95.10526315790048,5.719241304214847,1.1679756546269446,1.7104797024738603,9.074852404761904,10.694709,49.18326026190476,54.443359,-0.900987141278196,1.7106685813543963,climb,heuristic_ms2_v1
C:\Users\öseoijfowfn\Saved Games\DCS\Tracks\DCS-NotTacView\20260923T202309Z_575000.export.zip,75,1,FA-18C_hornet,74.019,78.903,4.884,42,2316.667,2762.517,445.8499999999999,106.5098910151692,86.29852184346804,-20.211369171701165,96.85685849614075,133.25266103043845,91.24538315912517,0.0,97.15384615384511,6.371718874348971,1.314959428383392,1.7104797024738603,9.747743833333333,11.656295,51.42653402380952,56.730011,-1.171211658344155,1.8438630268114358,climb,heuristic_ms2_v1
C:\Users\öseoijfowfn\Saved Games\DCS\Tracks\DCS-NotTacView\20260923T202309Z_575000.export.zip,76,1,FA-18C_hornet,75.053,80.0,4.947000000000003,44,2405.394,2870.217,464.8230000000003,102.98848692905479,80.83201077154412,-22.156476157510667,92.30875356061512,131.85809518231224,93.8837512289751,0.0,98.9478260869601,7.259739782448719,1.469821137781617,2.239639584051904,10.569447522727273,13.018096,53.72388797727273,59.405857,-1.4520956874877124,2.5026692942116546,climb,heuristic_ms2_v1
C:\Users\öseoijfowfn\Saved Games\DCS\Tracks\DCS-NotTacView\20260923T202309Z_575000.export.zip,77,1,FA-18C_hornet,76.09,80.915,4.825000000000003,43,2497.708,2961.328,463.6199999999999,98.93087594568033,76.04369288556049,-22.88718306011984,87.82112608780727,130.3171042712327,96.03414783101255,0.0,99.9999999999954,7.970003930274402,1.6565073068364582,2.458447463670213,10.805029558139534,13.360988,55.975899627906976,62.004259,-1.737895287364626,2.6784250750054777,climb,heuristic_ms2_v1
C:\Users\öseoijfowfn\Saved Games\DCS\Tracks\DCS-NotTacView\20260923T202309Z_575000.export.zip,78,1,FA-18C_hornet,77.04,81.955,4.914999999999992,44,2584.976,3065.419,480.44299999999976,94.91548124173092,70.32915743625962,-24.586323805471295,82.96439311811012,128.35172459723861,97.68684316720295,0.0,100.44761904761549,1.802183867653639,2.4346117504671683,12.389566360662595,21.01654359090909,117.547883,57.72597252272727,62.718765,-2.305872457866135,5.418673124840885,climb,heuristic_ms2_v1
C:\Users\öseoijfowfn\Saved Games\DCS\Tracks\DCS-NotTacView\20260923T202309Z_575000.export.zip,79,1,FA-18C_hornet,78.043,82.991,4.947999999999993,45,2679.609,3161.249,481.6399999999999,90.42091094187909,79.95635607375158,-10.464554868127507,79.55444869858806,125.7855424732055,97.27569348364428,0.0,100.44761904761549,-6.58886124688928,3.458547810457322,12.389566360662595,50.15184035555556,175.864298,55.6527102,62.718765,-2.7652496853307977,5.418673124840885,climb,heuristic_ms2_v1
C:\Users\öseoijfowfn\Saved Games\DCS\Tracks\DCS-NotTacView\20260923T202309Z_575000.export.zip,80,1,FA-18C_hornet,79.004,83.992,4.9879999999999995,45,2772.348,3241.145,468.797,85.79719345777866,88.9873513622939,3.1901579045152317,78.94749460789946,123.02380840911677,93.9771847470011,0.0,100.44761904761549,-7.660335561095735,3.2506443224273545,12.389566360662595,82.42711308888889,178.822931,52.36407444444445,62.718765,-2.5829799949219576,5.418673124840885,climb,heuristic_ms2_v1
C:\Users\öseoijfowfn\Saved Games\DCS\Tracks\DCS-NotTacView\20260923T202309Z_575000.export.zip,81,1,FA-18C_hornet,80.0,84.942,4.941999999999993,44,2870.217,3305.76,435.5430000000001,80.83201077154412,98.73497620431051,17.902965432766393,80.74406699728723,120.60755800147476,88.44694256858466,0.0,100.44761904761549,-7.270555646649086,3.370364874872122,12.389566360662595,111.63257381818181,178.822931,46.24846677272728,62.718765,-2.4974131857857396,5.418673124840885,climb,heuristic_ms2_v1
C:\Users\öseoijfowfn\Saved Games\DCS\Tracks\DCS-NotTacView\20260923T202309Z_575000.export.zip,82,1,FA-18C_hornet,81.032,85.953,4.9210000000000065,44,2973.042,3348.007,374.96500000000015,75.36920499162164,102.27594573224339,26.906740740621743,85.48830848030656,117.25522838668404,76.67453358827409,0.0,100.44761904761549,-4.450373455851377,3.9387687835624545,12.389566360662595,141.9638658181818,178.822931,35.509167727272725,62.718765,-3.9265552946937166,10.7830516059832,climb,heuristic_ms2_v1
C:\Users\öseoijfowfn\Saved Games\DCS\Tracks\DCS-NotTacView\20260923T202309Z_575000.export.zip,83,1,FA-18C_hornet,82.069,86.897,4.828000000000003,43,3076.608,3359.538,282.92999999999984,70.5966464915257,97.92831274907887,27.331666257553167,90.98205187911731,112.98830204454896,59.86310243946134,0.0,98.14912280701651,6.534542500101509,3.8538701566192284,12.005778462861016,161.0973461627907,178.822931,28.890018093023258,51.462829,-4.766592617713317,10.7830516059832,climb,heuristic_ms2_v1
C:\Users\öseoijfowfn\Saved Games\DCS\Tracks\DCS-NotTacView\20260923T202309Z_575000.export.zip,84,1,FA-18C_hornet,83.106,87.975,4.869,44,3170.988,3345.01,174.0220000000004,81.18576021083031,88.5270538746624,7.34129366383209,94.7426724562688,107.49990486732595,36.52021158084237,24.261261261261254,84.68695652174318,17.57885485963152,3.549749529959982,5.557048711471112,156.88735361363635,178.822931,29.801054136363636,52.742987,-5.174904927306077,10.7830516059832,climb,heuristic_ms2_v1
C:\Users\öseoijfowfn\Saved Games\DCS\Tracks\DCS-NotTacView\20260923T202309Z_575000.export.zip,85,1,FA-18C_hornet,84.112,88.903,4.791000000000011,43,3250.068,3313.107,63.03899999999976,89.96582848495773,78.74614477102904,-11.219683713928688,94.55878923925542,102.30130908289375,14.282995314068145,41.724409448815585,74.35833333334124,22.2149909146533,4.575205222937834,6.343508148433192,146.57257548837208,166.25791,32.98009411627907,60.442892,-5.6649467404625105,10.7830516059832,climbing_turn,heuristic_ms2_v1
C:\Users\öseoijfowfn\Saved Games\DCS\Tracks\DCS-NotTacView\20260923T202309Z_575000.export.zip,86,1,FA-18C_hornet,85.051,89.937,4.885999999999996,44,3311.878,3260.417,-51.46100000000024,99.80335276156816,66.71141240941363,-33.09194035215454,90.00504326231083,96.90589273172573,-8.894607561282088,57.636363636367285,56.12844036696735,27.134171466062185,5.552443931995971,9.012259865021774,132.02478093181819,161.117742,40.27466411363636,61.948791,-5.4572270841631685,10.7830516059832,descending_turn,heuristic_ms2_v1
C:\Users\öseoijfowfn\Saved Games\DCS\Tracks\DCS-NotTacView\20260923T202309Z_575000.export.zip,87,1,FA-18C_hornet,86.063,90.959,4.896000000000001,44,3350.671,3194.468,-156.20299999999997,102.0677940836203,54.7321548254112,-47.3356392582091,81.50356086943566,92.38439912573295,-30.651271392057506,69.45370370370296,24.21818181817976,32.52538428651178,6.61936033643849,12.906781786445249,112.64580456818182,155.734255,50.557784340909095,61.948791,-3.5053946151776456,9.60219723421384,descending_turn,heuristic_ms2_v1
C:\Users\öseoijfowfn\Saved Games\DCS\Tracks\DCS-NotTacView\20260923T202309Z_575000.export.zip,88,1,FA-18C_hornet,87.005,91.92,4.915000000000006,44,3359.319,3123.469,-235.8499999999999,97.14272851526675,44.98752000562585,-52.1552085096409,72.17557985319105,90.08391640469075,-46.393768607579425,76.87499999999633,0.0,41.69820341651774,8.351809769552542,16.61659023448539,93.29620677272727,146.389013,54.70400093181818,61.948791,-1.8332867941871256,7.1021051991184105,descending_turn,heuristic_ms2_v1
C:\Users\öseoijfowfn\Saved Games\DCS\Tracks\DCS-NotTacView\20260923T202309Z_575000.export.zip,89,1,FA-18C_hornet,88.099,92.952,4.852999999999994,43,3341.705,3041.313,-300.3919999999998,87.36587685792158,38.03687209160157,-49.329004766320004,60.755380072627545,88.98085033483271,-60.98229013417779,81.23893805309622,0.0,56.694307623759045,11.56015013426315,22.668327100309853,70.4991506511628,128.431804,53.97945974418605,61.948791,-0.422632052306709,3.8271519934226133,descending_turn,heuristic_ms2_v1
C:\Users\öseoijfowfn\Saved Games\DCS\Tracks\DCS-NotTacView\20260923T202309Z_575000.export.zip,90,1,FA-18C_hornet,89.04,93.924,4.884,44,3307.083,2961.589,-345.49400000000014,77.25094371379743,36.5435656534984,-40.70737806029903,51.782859551502405,88.95979218088002,-70.13405034481612,82.2456140350824,0.0,73.24620148884998,14.9087378713847,24.075299376667903,53.05771075,104.602209,48.9597920909091,61.948791,0.17231505166423922,1.6706539130438183,descending_turn,heuristic_ms2_v1
C:\Users\öseoijfowfn\Saved Games\DCS\Tracks\DCS-NotTacView\20260923T202309Z_575000.export.zip,91,1,FA-18C_hornet,90.04,94.939,4.898999999999987,44,3254.328,2878.873,-375.4549999999999,65.38790999291727,39.694032012510746,-25.693877980406526,44.83199746983933,89.26458140951527,-76.34591604136227,82.2456140350824,0.0,85.54849785584679,17.462696731384913,24.075299376667903,39.27824427272728,74.89926,41.24065384090909,60.899941,0.31912647571733416,0.7740563240195125,descending_turn,heuristic_ms2_v1
C:\Users\öseoijfowfn\Saved Games\DCS\Tracks\DCS-NotTacView\20260923T202309Z_575000.export.zip,92,1,FA-18C_hornet,91.09,95.936,4.846000000000004,43,3185.224,2800.492,-384.73199999999997,53.403277622327735,45.12939950397275,-8.273878118354986,41.222574968923496,89.51201652548212,-79.26343890157537,82.2456140350824,0.0,88.22812449793122,18.29638298229923,24.075299376667903,30.52531041860465,51.762175,32.86502613953488,54.244478,0.14393425249446842,1.0433049447542933,descending_turn,heuristic_ms2_v1
C:\Users\öseoijfowfn\Saved Games\DCS\Tracks\DCS-NotTacView\20260923T202309Z_575000.export.zip,93,1,FA-18C_hornet,92.023,96.926,4.903000000000006,43,3115.484,2727.166,-388.31799999999976,44.02089370189535,51.00859942210785,6.987705720212496,41.11513858033228,89.46057730858577,-79.28070775587406,82.2456140350824,0.0,82.8454777857539,17.30250484019136,24.075299376667903,25.147600046511627,39.420403,24.907540674418605,46.056666,-0.19280131455722563,1.464930003943123,descending_turn,heuristic_ms2_v1
C:\Users\öseoijfowfn\Saved Games\DCS\Tracks\DCS-NotTacView\20260923T202309Z_575000.export.zip,94,1,FA-18C_hornet,93.054,97.924,4.8700000000000045,42,3033.0,2658.906,-374.09400000000005,37.6190565843796,56.25809234053924,18.639035756159643,43.637733493626016,89.03439925701066,-77.15840873463766,82.2456140350824,0.0,67.39685330397387,14.506212117386466,24.075299376667903,20.87790526190476,30.945934,16.93875330952381,36.506224,-0.6136720176167808,1.8760995252212116,descending_turn,heuristic_ms2_v1
C:\Users\öseoijfowfn\Saved Games\DCS\Tracks\DCS-NotTacView\20260923T202309Z_575000.export.zip,95,1,FA-18C_hornet,94.029,98.898,4.869,41,2952.962,2598.333,-354.6289999999999,36.68358817910026,60.47384909232707,23.79026091322681,48.077168666779,88.16888003188787,-73.17808089294836,82.16190476191231,0.0,48.80287505978379,10.570721692878815,22.734512282975874,17.37114043902439,25.597042,11.19890456097561,27.722568,-1.0399144602587764,2.2032938998118508,descending_turn,heuristic_ms2_v1
C:\Users\öseoijfowfn\Saved Games\DCS\Tracks\DCS-NotTacView\20260923T202309Z_575000.export.zip,96,1,FA-18C_hornet,95.041,99.919,4.878,41,2870.689,2541.424,-329.2649999999999,40.18796115235946,63.7626337400471,23.574672587687637,53.452970814664354,86.79253671259568,-67.49665550353896,80.23529411764595,0.0,31.765361910285435,6.685288979970405,16.331668694157944,14.10471368292683,21.53008,8.310877780487806,19.194061,-1.430847979819941,2.2032938998118508,descending_turn,heuristic_ms2_v1
C:\Users\öseoijfowfn\Saved Games\DCS\Tracks\DCS-NotTacView\20260923T202309Z_575000.export.zip,97,1,FA-18C_hornet,96.05,100.975,4.924999999999997,43,2791.794,2489.526,-302.26800000000003,45.812591780730294,66.64064022315813,20.828048442427836,58.22437471722503,85.13082662379315,-61.16572070643284,76.29824561404452,0.0,19.838068641648135,4.085449684090803,11.624898263074465,11.119370627906978,18.246577,8.09702941860465,13.591567,-1.6100504734467158,2.2032938998118508,descending_turn,heuristic_ms2_v1
C:\Users\öseoijfowfn\Saved Games\DCS\Tracks\DCS-NotTacView\20260923T202309Z_575000.export.zip,98,1,FA-18C_hornet,97.039,101.961,4.921999999999997,44,2719.136,2447.302,-271.83399999999983,51.628748236608374,69.0509036245541,17.422155387945722,62.00215244936853,83.55510514456479,-55.086216888784264,71.06194690265693,0.0,11.720228706815647,2.4051665603060717,6.747396803125311,8.257560795454545,15.308039,9.611657977272728,17.140636,-1.6173806207801897,2.2032938998118508,descent,heuristic_ms2_v1
C:\Users\öseoijfowfn\Saved Games\DCS\Tracks\DCS-NotTacView\20260923T202309Z_575000.export.zip,99,1,FA-18C_hornet,98.041,102.996,4.954999999999998,45,2651.307,2409.273,-242.03399999999965,56.837781795973065,70.59998246914283,13.762200673169765,65.03986922304767,82.00480871803335,-49.018024499436414,64.94871794872475,0.0,5.780257237740784,1.4699563273364848,4.4568927651726895,5.9718565111111115,12.518575,13.006245733333333,21.69259,-1.6069235057207585,2.2032938998118508,descent,heuristic_ms2_v1
C:\Users\öseoijfowfn\Saved Games\DCS\Tracks\DCS-NotTacView\20260923T202309Z_575000.export.zip,100,1,FA-18C_hornet,99.013,103.924,4.911000000000001,45,2591.586,2380.283,-211.30299999999988,60.89766587590531,71.24495477188606,10.347288895980746,67.22583312170293,80.5839933635092,-43.50947473472742,58.669565217389255,0.0,1.4754868345408454,1.0382535808459463,2.6582029907773923,4.917038155555556,10.034948,16.212520622222222,23.663279,-1.5614463438710275,2.129122198652017,descent,heuristic_ms2_v1
C:\Users\öseoijfowfn\Saved Games\DCS\Tracks\DCS-NotTacView\20260923T202309Z_575000.export.zip,101,1,FA-18C_hornet,100.022,104.908,4.885999999999996,45,2536.054,2354.384,-181.67000000000007,64.02729985646958,72.43247490896982,8.40517505250024,69.09855443022197,79.15245470530333,-37.64941296256273,52.13592233009165,0.0,-2.0060551098160886,0.9217923878011806,1.6531941669391377,4.7722378,9.075085,18.281158577777777,23.663279,-1.2973024978195558,2.0947848463471144,descent,heuristic_ms2_v1
C:\Users\öseoijfowfn\Saved Games\DCS\Tracks\DCS-NotTacView\20260923T202309Z_575000.export.zip,102,1,FA-18C_hornet,101.08,105.942,4.861999999999995,44,2484.745,2331.859,-152.88599999999997,66.92749636758487,76.98975838482374,10.06226201723888,71.08888750917671,78.26835357784957,-31.783940534958642,45.53333333333112,0.0,-4.450901398384758,0.9757406355310999,1.6531941669391377,5.526491386363636,10.109237,18.194484659090907,23.663279,-0.2910893907390654,5.388070372232932,descent,heuristic_ms2_v1
C:\Users\öseoijfowfn\Saved Games\DCS\Tracks\DCS-NotTacView\20260923T202309Z_575000.export.zip,103,1,FA-18C_hornet,102.068,106.948,4.8799999999999955,44,2443.078,2312.271,-130.8069999999998,69.26331610756671,83.00920926526626,13.745893157699555,73.61513610098069,78.73771755888146,-27.00947923967733,39.47663551402044,0.0,-5.773013047943948,1.1704101530483746,1.6531941669391377,7.205668386363637,10.999999,16.99881343181818,23.663279,1.052899689638395,6.048389293365427,descent,heuristic_ms2_v1
C:\Users\öseoijfowfn\Saved Games\DCS\Tracks\DCS-NotTacView\20260923T202309Z_575000.export.zip,104,1,FA-18C_hornet,103.099,107.949,4.849999999999994,44,2405.826,2297.396,-108.42999999999984,70.69815704814114,85.76888686499997,15.07072981685883,76.66402557306635,80.20520075611401,-22.542558013081084,33.46601941747405,0.0,-7.192022384083657,1.4779169988981133,2.450269154043785,9.266905022727274,12.893767,16.867422931818183,23.663279,1.6729255959278595,6.048389293365427,descent,heuristic_ms2_v1
C:\Users\öseoijfowfn\Saved Games\DCS\Tracks\DCS-NotTacView\20260923T202309Z_575000.export.zip,105,1,FA-18C_hornet,104.034,108.983,4.948999999999998,45,2377.143,2289.205,-87.9380000000001,71.32578628030049,87.74050704958213,16.414720769281644,79.67262887420735,82.04015623840684,-18.057831181623417,28.545454545453534,0.0,-8.346791882102934,1.6812873092663787,2.661331885373529,10.789079244444444,13.798082,16.637407733333333,23.237518,2.1741029567557324,6.048389293365427,descent,heuristic_ms2_v1
C:\Users\öseoijfowfn\Saved Games\DCS\Tracks\DCS-NotTacView\20260923T202309Z_575000.export.zip,106,1,FA-18C_hornet,105.018,109.859,4.840999999999994,44,2351.796,2285.836,-65.96000000000004,72.68300778356496,91.55253546244226,18.869527678877304,83.12006528627603,84.59764600210521,-13.781652797727311,23.527272727274603,0.0,-8.18777192839093,1.690417645329582,2.661331885373529,11.900802954545453,13.895418,15.572142636363635,22.798347,3.1276301830993614,6.048389293365427,descent,heuristic_ms2_v1
C:\Users\öseoijfowfn\Saved Games\DCS\Tracks\DCS-NotTacView\20260923T202309Z_575000.export.zip,107,1,FA-18C_hornet,106.042,110.882,4.840000000000003,43,2329.824,2283.065,-46.759000000000015,77.65963619191324,97.04586232945256,19.386226137539325,87.02664342575474,87.89248381883021,-10.050403738156053,20.34999999999681,0.0,-8.088191007669593,1.6758701556572184,2.661331885373529,12.70067376744186,13.895418,15.735659093023255,22.798347,3.52652432110161,6.954902100150187,descent,heuristic_ms2_v1
C:\Users\öseoijfowfn\Saved Games\DCS\Tracks\DCS-NotTacView\20260923T202309Z_575000.export.zip,108,1,FA-18C_hornet,107.055,111.89,4.834999999999994,43,2310.381,2281.63,-28.75099999999975,83.59267077941637,102.44711944515619,18.854448665739824,91.158324342067,91.53617908677792,-6.258969858366849,17.663551401869984,0.0,-8.115003484319061,1.7030715153540041,2.661331885373529,13.434208093023255,14.092974,16.374141046511628,22.798347,3.528073567163333,6.954902100150187,acceleration,heuristic_ms2_v1
C:\Users\öseoijfowfn\Saved Games\DCS\Tracks\DCS-NotTacView\20260923T202309Z_575000.export.zip,109,1,FA-18C_hornet,108.089,112.887,4.798000000000002,42,2295.879,2282.673,-13.206000000000131,85.89717076805931,107.5541224510282,21.656951682968895,95.19485205500906,95.3025572932432,-3.027236909142385,10.835714285716243,2.2568807339417605,-7.34614787707153,1.5683630196968679,2.661331885373529,13.824911928571428,14.210972,15.096991690476191,22.798347,4.286199300711328,7.65091717502434,acceleration,heuristic_ms2_v1
C:\Users\öseoijfowfn\Saved Games\DCS\Tracks\DCS-NotTacView\20260923T202309Z_575000.export.zip,110,1,FA-18C_hornet,109.098,113.981,4.882999999999996,42,2288.648,2286.749,-1.899000000000342,88.13065709094947,113.09496840156466,24.964311310615187,100.35054610335779,100.3922843033354,-0.5373498352066358,4.843478260867946,4.769230769230097,-6.313347801285602,1.3229966294941482,2.169115762027294,13.509278547619047,14.210972,13.069749857142856,18.029189,5.109772199636035,7.65091717502434,acceleration,heuristic_ms2_v1
C:\Users\öseoijfowfn\Saved Games\DCS\Tracks\DCS-NotTacView\20260923T202309Z_575000.export.zip,111,1,FA-18C_hornet,110.002,114.92,4.918000000000006,42,2285.404,2292.032,6.628000000000156,92.22064725286928,118.07334702625073,25.852699773381445,105.32579292283833,105.3776041353982,1.2659543984565413,3.020979020977531,6.190909090909487,-5.841133130630851,1.199987714564148,2.169115762027294,13.0788825,14.210972,12.117324952380951,13.363377,5.325402011081619,7.65091717502434,acceleration,heuristic_ms2_v1
C:\Users\öseoijfowfn\Saved Games\DCS\Tracks\DCS-NotTacView\20260923T202309Z_575000.export.zip,112,1,FA-18C_hornet,111.019,115.957,4.937999999999988,43,2282.764,2298.969,16.204999999999927,97.71452115696663,123.70522288384608,25.99070172687945,110.65884153254582,110.74086558092901,3.1426286756992123,2.197080291970291,6.99009900990235,-5.38696514361493,1.0992780764501742,2.169115762027294,12.571472023255815,14.210972,11.525972837209302,12.870873,5.338085718700487,7.65091717502434,acceleration,heuristic_ms2_v1
